not_top_25,top_25
0.04047409709819749,0.9595259029018025
0.35764886522084893,0.6423511347791511
0.4020614473651316,0.5979385526348684
